﻿<?xml version="1.0" encoding="utf-8"?>
<manifest identifier="_5kLLV8gEkHH_course_id" version="1.0" xmlns="http://www.imsproject.org/xsd/imscp_rootv1p1p2" xmlns:adlcp="http://www.adlnet.org/xsd/adlcp_rootv1p2" xmlns:xsi="http://www.w3.org/2001/XMLSchema-instance" xsi:schemaLocation="http://www.imsproject.org/xsd/imscp_rootv1p1p2 imscp_rootv1p1p2.xsd http://www.imsglobal.org/xsd/imsmd_rootv1p2p1 imsmd_rootv1p2p1.xsd http://www.adlnet.org/xsd/adlcp_rootv1p2 adlcp_rootv1p2.xsd">
  <metadata>
    <schema>ADL SCORM</schema>
    <schemaversion>1.2</schemaversion>
    <lom xmlns="http://www.imsglobal.org/xsd/imsmd_rootv1p2p1" xmlns:xsi="http://www.w3.org/2001/XMLSchema-instance" xsi:schemaLocation="http://www.imsglobal.org/xsd/imsmd_rootv1p2p1 imsmd_rootv1p2p1.xsd">
      <general>
        <title>
          <langstring xml:lang="x-none">KB6a</langstring>
        </title>
      </general>
      <lifecycle>
        <version>
          <langstring xml:lang="x-none">1</langstring>
        </version>
        <status>
          <source>
            <langstring xml:lang="x-none">LOMv1.0</langstring>
          </source>
          <value>
            <langstring xml:lang="x-none">Final</langstring>
          </value>
        </status>
      </lifecycle>
      <metametadata>
        <metadatascheme>ADL SCORM 1.2</metadatascheme>
      </metametadata>
      <educational>
        <typicallearningtime>
          <datetime>PT0H0M0S</datetime>
        </typicallearningtime>
      </educational>
      <rights>
        <cost>
          <source>
            <langstring xml:lang="x-none">LOMv1.0</langstring>
          </source>
          <value>
            <langstring xml:lang="x-none">yes</langstring>
          </value>
        </cost>
        <copyrightandotherrestrictions>
          <source>
            <langstring xml:lang="x-none">LOMv1.0</langstring>
          </source>
          <value>
            <langstring xml:lang="x-none">yes</langstring>
          </value>
        </copyrightandotherrestrictions>
      </rights>
    </lom>
  </metadata>
  <organizations default="KB6a_ORG">
    <organization identifier="KB6a_ORG">
      <title>KB6a</title>
      <item identifier="KB6b_SCO" isvisible="true" identifierref="__5kLLV8gEkHH_course_id_RES">
        <title>KB6a</title>
      </item>
    </organization>
  </organizations>
  <resources>
    <resource identifier="__5kLLV8gEkHH_course_id_RES" type="webcontent" href="index_lms.html" adlcp:scormtype="sco">
      <file href="story_content/thumbnail.jpg" />
      <file href="story_content/video_6N4s8OU2eTl_22_48_1304x734.mp4" />
      <file href="mobile/poster_6IuXPdeSrAI_video_6N4s8OU2eTl_22_48_1304x734.jpg" />
      <file href="story_content/WebObjects/5t3N0nRWR7y/index.html" />
      <file href="story_content/WebObjects/5t3N0nRWR7y/musik.mp3" />
      <file href="mobile/5t3N0nRWR7y6P6cz0yDFAr{Width=75.60001, Height=42}Light_80_DX152_DY152_CX76_CY42.jpg" />
      <file href="mobile/5mPqqrLLKrH_80_DX1920_DY1920_CX960_CY540.gif" />
      <file href="mobile/5zyBOtpEuQb_80_DX2012_DY2012_CX1509_CY987.png" />
      <file href="mobile/6SvvExOurVJ_80_P_0_0_2048_367_DX1798_DY1798_CX625_CY112.png" />
      <file href="story_content/6XURmNqu7OG_44100_48_0.mp3" />
      <file href="mobile/6N4ias5lKMV_80_DX2560_DY2560_CX1920_CY1080.png" />
      <file href="mobile/66epLSSLOEk_80_DX280_DY280_CX210_CY210.png" />
      <file href="mobile/5pNEZootPAv_80_DX144_DY144_CX108_CY108.png" />
      <file href="mobile/69ZVULEodS1_X_80_DX220_DY220_CX165_CY165.gif" />
      <file href="mobile/64fKrsP1vN9_80_P_0_617_2048_617_DX2236_DY2236_CX1675_CY505.png" />
      <file href="mobile/6kDnuOuLvMu_80_DX3228_DY3228_CX2048_CY1152.jpg" />
      <file href="mobile/6mxHg6e2gxE_80_P_0_177_1200_919_DX1154_DY1154_CX865_CY663.png" />
      <file href="mobile/6BnyQM0Xsj5_80_P_0_0_1200_1019_DX1440_DY1440_CX1080_CY918.png" />
      <file href="story_content/5pX80XTQSe2_44100_48_0.mp3" />
      <file href="story_content/5acVH1oVfTm_44100_48_0.mp3" />
      <file href="mobile/6mCWHdchXge_80_P_0_0_2000_1820_DX994_DY994_CX745_CY678.png" />
      <file href="mobile/5c3CfDXXwJo_80_DX856_DY856_CX642_CY642.png" />
      <file href="mobile/6kYA2cbrRNE_80_P_96_101_98_96_DX1000_DY1000_CX99_CY96.png" />
      <file href="mobile/6kSNl7Lux4K_80_P_0_93_944_906_DX1370_DY1370_CX473_CY454.png" />
      <file href="mobile/6XtWLjLK935_80_P_0_77_155_252_DX1000_DY1000_CX155_CY253.png" />
      <file href="mobile/5vZvNyvkWoT_80_P_316_233_663_779_DX474_DY474_CX196_CY230.png" />
      <file href="mobile/69ZVULEodS1_80_DX220_DY220_CX165_CY165.gif" />
      <file href="mobile/6N4ias5lKMV_80_P_0_0_2048_1116_DX2560_DY2560_CX1884_CY1027.png" />
      <file href="story_content/6avXvtv5y6e_44100_48_0.mp3" />
      <file href="mobile/69ZN0sJ1DoO_80_P_130_28_242_427_DX762_DY762_CX242_CY427.png" />
      <file href="mobile/6SGThNkdTgF_80_P_123_191_974_843_DX680_DY680_CX415_CY359.png" />
      <file href="mobile/5f6lVwfv1Zp_80_P_225_211_755_746_DX946_DY946_CX447_CY442.png" />
      <file href="mobile/5bpDeUbfRUT_80_P_0_436_2048_1188_DX322_DY322_CX231_CY134.png" />
      <file href="mobile/6k860bh1Zk7_80_P_573_676_626_500_DX2046_DY2046_CX237_CY189.png" />
      <file href="mobile/6mbAC6XIl1P_X_80_P_0_540_2048_950_DX350_DY350_CX259_CY120.png" />
      <file href="mobile/5eQ2Prd8Dzk_X_80_P_22_159_445_236_DX1000_DY1000_CX292_CY155.png" />
      <file href="mobile/6quMGBJmKjb_80_P_491_514_1556_1268_DX2108_DY2108_CX432_CY352.png" />
      <file href="mobile/6quMGBJmKjb_X_80_P_0_514_2048_1268_DX2108_DY2108_CX526_CY326.png" />
      <file href="mobile/68oE5K1nWoo_80_P_0_183_1999_1633_DX152_DY152_CX99_CY81.png" />
      <file href="mobile/6nZI16I77O0_X_80_P_28_77_433_369_DX304_DY304_CX173_CY148.png" />
      <file href="mobile/5eQ2Prd8Dzk_X_80_P_22_159_445_236_DX1000_DY1000_CX291_CY155.png" />
      <file href="mobile/68oE5K1nWoo_X_80_P_0_183_1999_1633_DX152_DY152_CX108_CY88.png" />
      <file href="mobile/6nZI16I77O0_80_P_28_77_433_369_DX304_DY304_CX173_CY148.png" />
      <file href="mobile/6g4zv9L8qbM_80_P_194_99_1561_1616_DX448_DY448_CX168_CY174.png" />
      <file href="mobile/6i2FY4Klvao_80_P_1154_315_554_438_DX1448_DY1448_CX273_CY216.png" />
      <file href="mobile/6k860bh1Zk7_80_P_93_680_476_471_DX2046_DY2046_CX231_CY229.png" />
      <file href="mobile/6g4zv9L8qbM_X_80_P_194_99_1561_1616_DX448_DY448_CX168_CY174.png" />
      <file href="mobile/6YTqtvmDQ0A_80_P_116_76_260_260_DX1600_DY1600_CX260_CY260.png" />
      <file href="mobile/6SvvExOurVJ_80_P_0_0_2048_367_DX1800_DY1800_CX1345_CY241.png" />
      <file href="story_content/6ls1xYaO3mE_44100_48_0.mp3" />
      <file href="mobile/5eQ2Prd8Dzk_X_80_P_22_159_445_236_DX1000_DY1000_CX445_CY236.png" />
      <file href="mobile/6quMGBJmKjb_X_80_P_0_514_2048_1268_DX2108_DY2108_CX1461_CY905.png" />
      <file href="mobile/6YTqtvmDQ0A_80_P_116_76_260_260_DX1600_DY1600_CX241_CY241.png" />
      <file href="mobile/6SvvExOurVJ_80_P_0_0_2048_367_DX1798_DY1798_CX675_CY121.png" />
      <file href="mobile/6k860bh1Zk7_80_P_93_680_476_471_DX2046_DY2046_CX477_CY472.png" />
      <file href="story_content/6hBwZklSDlN_44100_48_0.mp3" />
      <file href="mobile/6i2FY4Klvao_80_P_1348_785_440_457_DX1448_DY1448_CX234_CY243.png" />
      <file href="mobile/6g4zv9L8qbM_X_80_P_194_99_1561_1616_DX448_DY448_CX241_CY250.png" />
      <file href="mobile/6exJEHufVlA_80_DX1440_DY1440_CX223_CY223.png" />
      <file href="mobile/6exJEHufVlA_80_DX1440_DY1440_CX247_CY247.png" />
      <file href="mobile/5rIJbXclen7_80_DX290_DY290_CX217_CY217.png" />
      <file href="mobile/6TDsu7lXywi_X_80_DX218_DY218_CX148_CY148.png" />
      <file href="mobile/6TDsu7lXywi_80_DX218_DY218_CX163_CY163.png" />
      <file href="story_content/6UHuNq3cNkk_44100_48_0.mp3" />
      <file href="mobile/63yfXmM2sxD_80_P_0_115_684_198_DX636_DY636_CX476_CY138.png" />
      <file href="mobile/6eMctwt7z6s_80_P_0_228_2048_672_DX500_DY500_CX375_CY123.png" />
      <file href="mobile/6SvWmwZe5o9_80_DX752_DY752_CX564_CY139.png" />
      <file href="mobile/6U4jSmNAjwf_80_DX260_DY260_CX163_CY194.png" />
      <file href="mobile/6f9eInSYHVU_80_DX440_DY440_CX330_CY219.png" />
      <file href="mobile/6ZqFeRXjTon_80_P_232_728_257_223_DX2400_DY2400_CX258_CY223.png" />
      <file href="story_content/5hdzxaOi9uS_44100_48_0.mp3" />
      <file href="mobile/5fcABb9HaaR_80_P_0_150_512_238_DX1024_DY1024_CX512_CY238.png" />
      <file href="mobile/5XP4U6yK2zb_80_DX2584_DY2584_CX1938_CY1090.jpg" />
      <file href="mobile/6exJEHufVlA_80_DX1440_DY1440_CX1080_CY1080.png" />
      <file href="story_content/5YWX4wTAtcv_44100_48_0.mp3" />
      <file href="mobile/6rN54EhrXdM_80_P_631_0_526_1080_DX2378_DY2378_CX489_CY1003.gif" />
      <file href="mobile/5xzGXvmCFZY_80_DX1150_DY1150_CX434_CY575.png" />
      <file href="meta.xml" />
      <file href="story_content/user.js" />
      <file href="mobile/txt__default_5t1H2UufNPe.png" />
      <file href="mobile/txt__default_5uGR7NrWnor.png" />
      <file href="mobile/txt__default_67z30p2PuHv.png" />
      <file href="mobile/txt__default_6SqTTdPomqP.png" />
      <file href="mobile/txt__default_5aD4X2Mt2HD.png" />
      <file href="mobile/txt__default_6BOUlMqEPmd.png" />
      <file href="mobile/txt__default_6g2BpmsSITY.png" />
      <file href="mobile/txt__default_6enlLkEogBX.png" />
      <file href="mobile/txt__default_6QCrkQ71sSu.png" />
      <file href="mobile/txt__default_6A0R4NrLLji.png" />
      <file href="mobile/txt__default_60sdcEuyFaf.png" />
      <file href="mobile/txt__default_6g5pll4yMqg.png" />
      <file href="mobile/txt__default_6RTPdDILyZ6.png" />
      <file href="mobile/txt__default_6a6dKD1tBRz.png" />
      <file href="mobile/txt__default_66qMTwboIB7.png" />
      <file href="mobile/txt__default_5XLYFG5hwIs.png" />
      <file href="mobile/txt__default_6AqU3ZPH6rv.png" />
      <file href="mobile/txt__default_5hSh9EAvJxp.png" />
      <file href="mobile/txt__default_6iFz0HvRWn1.png" />
      <file href="mobile/txt__default_6SyxqS2rFCY.png" />
      <file href="mobile/txt__default_6h2YePdvlLU.png" />
      <file href="mobile/Shape6avyMrYkA56.png" />
      <file href="mobile/txt__default_5Y4fSoym8NM.png" />
      <file href="html5/data/css/output.min.css" />
      <file href="html5/data/js/5cxUb0isiYM.js" />
      <file href="html5/data/js/5lW5j3b8Ni8.js" />
      <file href="html5/data/js/63rsaHjn88A.js" />
      <file href="html5/data/js/6DGnjvy8gax.js" />
      <file href="html5/data/js/6jpTJN5DRSf.js" />
      <file href="html5/data/js/6lBmGkSnY6B.js" />
      <file href="html5/data/js/6mKI1FG1e8R.js" />
      <file href="html5/data/js/6rLexkSgPHP.js" />
      <file href="html5/data/js/6XPXG12f8Ha.js" />
      <file href="html5/data/js/data.js" />
      <file href="html5/data/js/frame.js" />
      <file href="html5/data/js/paths.js" />
      <file href="html5/lib/scripts/bootstrapper.min.js" />
      <file href="html5/lib/scripts/frame.desktop.min.js" />
      <file href="html5/lib/scripts/frame.mobile.min.js" />
      <file href="html5/lib/scripts/slides.min.js" />
      <file href="html5/lib/stylesheets/desktop.min.css" />
      <file href="html5/lib/stylesheets/mobile.min.css" />
      <file href="html5/lib/stylesheets/mobile-fonts/open-sans-bold.woff" />
      <file href="html5/lib/stylesheets/mobile-fonts/open-sans-light.woff" />
      <file href="html5/lib/stylesheets/mobile-fonts/open-sans-regular.woff" />
      <file href="analytics-frame.html" />
      <file href="story.html" />
      <file href="index_lms.html" />
      <file href="lms/AICCComm.html" />
      <file href="lms/blank.html" />
      <file href="lms/browsersniff.js" />
      <file href="lms/goodbye.html" />
      <file href="lms/scormdriver.js" />
    </resource>
  </resources>
</manifest>