﻿<?xml version="1.0" encoding="utf-8"?>
<manifest identifier="_5oLQFfXglER_course_id" version="1.0" xmlns="http://www.imsproject.org/xsd/imscp_rootv1p1p2" xmlns:adlcp="http://www.adlnet.org/xsd/adlcp_rootv1p2" xmlns:xsi="http://www.w3.org/2001/XMLSchema-instance" xsi:schemaLocation="http://www.imsproject.org/xsd/imscp_rootv1p1p2 imscp_rootv1p1p2.xsd http://www.imsglobal.org/xsd/imsmd_rootv1p2p1 imsmd_rootv1p2p1.xsd http://www.adlnet.org/xsd/adlcp_rootv1p2 adlcp_rootv1p2.xsd">
  <metadata>
    <schema>ADL SCORM</schema>
    <schemaversion>1.2</schemaversion>
    <lom xmlns="http://www.imsglobal.org/xsd/imsmd_rootv1p2p1" xmlns:xsi="http://www.w3.org/2001/XMLSchema-instance" xsi:schemaLocation="http://www.imsglobal.org/xsd/imsmd_rootv1p2p1 imsmd_rootv1p2p1.xsd">
      <general>
        <title>
          <langstring xml:lang="x-none">KB6d</langstring>
        </title>
      </general>
      <lifecycle>
        <version>
          <langstring xml:lang="x-none">1</langstring>
        </version>
        <status>
          <source>
            <langstring xml:lang="x-none">LOMv1.0</langstring>
          </source>
          <value>
            <langstring xml:lang="x-none">Final</langstring>
          </value>
        </status>
      </lifecycle>
      <metametadata>
        <metadatascheme>ADL SCORM 1.2</metadatascheme>
      </metametadata>
      <educational>
        <typicallearningtime>
          <datetime>PT0H0M0S</datetime>
        </typicallearningtime>
      </educational>
      <rights>
        <cost>
          <source>
            <langstring xml:lang="x-none">LOMv1.0</langstring>
          </source>
          <value>
            <langstring xml:lang="x-none">yes</langstring>
          </value>
        </cost>
        <copyrightandotherrestrictions>
          <source>
            <langstring xml:lang="x-none">LOMv1.0</langstring>
          </source>
          <value>
            <langstring xml:lang="x-none">yes</langstring>
          </value>
        </copyrightandotherrestrictions>
      </rights>
    </lom>
  </metadata>
  <organizations default="KB6d_ORG">
    <organization identifier="KB6d_ORG">
      <title>KB6d</title>
      <item identifier="Perhitungan_Impor_SCO" isvisible="true" identifierref="__5oLQFfXglER_course_id_RES">
        <title>KB6d</title>
      </item>
    </organization>
  </organizations>
  <resources>
    <resource identifier="__5oLQFfXglER_course_id_RES" type="webcontent" href="index_lms.html" adlcp:scormtype="sco">
      <file href="story_content/thumbnail.jpg" />
      <file href="mobile/6mIQhCZW6AR_80_DX1400_DY1400_CX700_CY525.jpg" />
      <file href="mobile/6mIQhCZW6AR_80_RFF9F9F_DX1400_DY1400_CX700_CY525.jpg" />
      <file href="story_content/video_64oVxPfqpUa_22_48_606x344.mp4" />
      <file href="mobile/poster_6rBpi6XtjEs_video_64oVxPfqpUa_22_48_606x344.jpg" />
      <file href="story_content/5ykXJNL07Ph_44100_48_0.mp3" />
      <file href="story_content/67InftjcFq0_44100_48_0.mp3" />
      <file href="mobile/6mIQhCZW6AR_80_RE2FFA5_DX1400_DY1400_CX700_CY525.jpg" />
      <file href="mobile/63eT7Uo2l9k_80_DX1778_DY1778_CX1103_CY756.png" />
      <file href="mobile/5ZISlRbbdMx_80_DX264_DY264_CX118_CY132.gif" />
      <file href="mobile/5y0g9lX28Bj_80_DX214_DY214_CX107_CY98.gif" />
      <file href="story_content/6nKkI0zdRN9_44100_48_0.mp3" />
      <file href="story_content/video_6mgNjgItPgZ_22_48_412x232.mp4" />
      <file href="mobile/poster_64txF0fw6Y7_video_6mgNjgItPgZ_22_48_412x232.jpg" />
      <file href="mobile/5UgEnOkJjA8_80_P_133_213_1626_826_DX1708_DY1708_CX1086_CY552.png" />
      <file href="story_content/6AsOOmRClAC_44100_48_0.mp3" />
      <file href="mobile/6mIQhCZW6AR_80_R9BF2FF_DX1400_DY1400_CX700_CY525.jpg" />
      <file href="mobile/63eT7Uo2l9k_80_DX1780_DY1780_CX1120_CY768.png" />
      <file href="mobile/60rRYSAc7Gy_80_DX410_DY410_CX307_CY216.gif" />
      <file href="mobile/6nf5xDP3xyl_80_DX422_DY422_CX316_CY228.gif" />
      <file href="story_content/6iYFEqbnz4K_44100_48_0.mp3" />
      <file href="mobile/6Am79M4Y3yj_80_P_266_293_1546_720_DX2304_DY2304_CX1392_CY648.png" />
      <file href="mobile/5jdiCfwH4HF_FDFDFD_80_DX530_DY530_CX397_CY204.png" />
      <file href="mobile/6nf5xDP3xyl_80_DX420_DY420_CX273_CY197.gif" />
      <file href="story_content/5tOWybmh3ao_44100_48_0.mp3" />
      <file href="mobile/6mIQhCZW6AR_80_RB2BDE5_DX1400_DY1400_CX700_CY525.jpg" />
      <file href="story_content/5lM9tTQZhZX_44100_48_0.mp3" />
      <file href="mobile/68SBifU8sSO_80_P_266_199_1546_773_DX2304_DY2304_CX1392_CY696.png" />
      <file href="mobile/5ijnwk4h7Fd_80_DX472_DY472_CX275_CY140.jpg" />
      <file href="story_content/6pQz0lBixtb_44100_48_0.mp3" />
      <file href="mobile/5j1RtHJvqJC_80_P_40_106_1826_919_DX2704_DY2704_CX1827_CY920.png" />
      <file href="mobile/5jrg6tzNNnX_80_DX490_DY490_CX245_CY165.gif" />
      <file href="mobile/6GsNRNMu8UK_X_FFFFFF_80_P_586_306_746_546_DX1224_DY1224_CX357_CY261.png" />
      <file href="story_content/video_6XpBaybKvZo_22_48_1280x720.mp4" />
      <file href="mobile/poster_6NTiTbgdwPr_video_6XpBaybKvZo_22_48_1280x720.jpg" />
      <file href="story_content/WebObjects/5mWiw7LaFSL/index.html" />
      <file href="story_content/WebObjects/5mWiw7LaFSL/musik.mp3" />
      <file href="mobile/5mWiw7LaFSL6pRXMG2PrgM{Width=74, Height=36}Light_80_DX148_DY148_CX74_CY36.jpg" />
      <file href="mobile/5mPqqrLLKrH_80_DX1920_DY1920_CX960_CY540.gif" />
      <file href="mobile/5zyBOtpEuQb_80_DX2012_DY2012_CX1509_CY987.png" />
      <file href="story_content/5np4Uy8F76B_44100_48_0.mp3" />
      <file href="meta.xml" />
      <file href="story_content/user.js" />
      <file href="mobile/Shape5jdME9RfVHX.png" />
      <file href="html5/data/css/output.min.css" />
      <file href="html5/data/js/5grHD39ilhd.js" />
      <file href="html5/data/js/5hAD6GYXZP4.js" />
      <file href="html5/data/js/5tnovN2hyWv.js" />
      <file href="html5/data/js/5txodnABW7N.js" />
      <file href="html5/data/js/5xydDqJyFHw.js" />
      <file href="html5/data/js/6eiIVABGzMp.js" />
      <file href="html5/data/js/6fSEYiQQmfi.js" />
      <file href="html5/data/js/6hmzseAdvbv.js" />
      <file href="html5/data/js/6rjNSAbkyON.js" />
      <file href="html5/data/js/6XSewKjTcXY.js" />
      <file href="html5/data/js/data.js" />
      <file href="html5/data/js/frame.js" />
      <file href="html5/data/js/paths.js" />
      <file href="html5/lib/scripts/bootstrapper.min.js" />
      <file href="html5/lib/scripts/frame.desktop.min.js" />
      <file href="html5/lib/scripts/frame.mobile.min.js" />
      <file href="html5/lib/scripts/slides.min.js" />
      <file href="html5/lib/stylesheets/desktop.min.css" />
      <file href="html5/lib/stylesheets/mobile.min.css" />
      <file href="html5/lib/stylesheets/mobile-fonts/open-sans-bold.woff" />
      <file href="html5/lib/stylesheets/mobile-fonts/open-sans-light.woff" />
      <file href="html5/lib/stylesheets/mobile-fonts/open-sans-regular.woff" />
      <file href="analytics-frame.html" />
      <file href="story.html" />
      <file href="index_lms.html" />
      <file href="lms/AICCComm.html" />
      <file href="lms/blank.html" />
      <file href="lms/browsersniff.js" />
      <file href="lms/goodbye.html" />
      <file href="lms/scormdriver.js" />
    </resource>
  </resources>
</manifest>